CREATE DATABASE QLHOCSINH;
GO USE QLHOCSINH;
CREATE TABLE KHOA(
	"MAKHOA" NCHAR(6) NOT NULL ,
	PRIMARY KEY("MAKHOA"),
	"TENKHOA" VARCHAR(255) NOT NULL
);
CREATE TABLE SINHVIEN(
	"MASV" NCHAR(6) NOT NULL,
	PRIMARY KEY("MASV"),
	"HOTEN" NVARCHAR(255) NOT NULL,
	"GIOITINH" BIT NOT NULL,
	"NGAYSINH" DATETIME NOT NULL,
	"DIACHI" NVARCHAR(255) NOT NULL,
	"SDT" NVARCHAR(255) NOT NULL,
	"MAKHOA" NCHAR(6) NOT NULL,
	FOREIGN KEY ("MAKHOA") REFERENCES KHOA("ID")
);
CREATE TABLE MONHOC(
	"MAMH" NCHAR(6) NOT NULL,
	PRIMARY KEY("MAMH"),
	"TENMH" VARCHAR(255) NOT NULL,
	"SOTIET" INT NOT NULL
);
CREATE TABLE KETQUA(
	"MASV" INT NOT NULL,
	"MAMH" NCHAR(6) NOT NULL,
	"DIEM" INT NOT NULL,
	FOREIGN KEY ("MASV") REFERENCES SINHVIEN("MASV"),
	FOREIGN KEY ("MAMH") REFERENCES MONHOC("MAMH")
);

INSERT INTO KHOA VALUES('CNTT','Công nghệ thông tin');
INSERT INTO KHOA VALUES('KT','Kỹ thuật');
INSERT INTO KHOA VALUES('NN','Ngoại ngữ');
INSERT INTO KHOA VALUES('KTMT','Kỹ thuật máy tính');
INSERT INTO KHOA VALUES('DT','Điện tử');
INSERT INTO KHOA VALUES('KH','Khoa học');
INSERT INTO KHOA VALUES('KTĐT','Kỹ thuật điện tử');
INSERT INTO KHOA VALUES('CN','Công nghệ');
INSERT INTO KHOA VALUES('MT','Môi trường');
INSERT INTO KHOA VALUES('KTTL','Kỹ thuật thực phẩm');
INSERT INTO KHOA VALUES('KTVT','Kỹ thuật vận tải');
INSERT INTO KHOA VALUES('KTVL','Kỹ thuật xây dựng');
INSERT INTO KHOA VALUES('KTVH','Kỹ thuật hóa học');
INSERT INTO KHOA VALUES('KTVH','Kỹ thuật hóa học');

INSERT INTO SINHVIEN VALUES('SV001','Nguyễn Văn A',1,'1999-01-01','Hà Nội','0123456789','CNTT');
INSERT INTO SINHVIEN VALUES('SV002','Nguyễn Văn B',1,'1999-01-01','Hà Nội','0123456789','CNTT');
INSERT INTO SINHVIEN VALUES('SV003','Nguyễn Văn C',1,'1999-01-01','Hà Nội','0123456789','CNTT');
INSERT INTO SINHVIEN VALUES('SV004','Nguyễn Văn D',1,'1999-01-01','Hà Nội','0123456789','CNTT');
INSERT INTO SINHVIEN VALUES('SV005','Nguyễn Văn E',1,'1999-01-01','Hà Nội','0123456789','CNTT');
INSERT INTO SINHVIEN VALUES('SV006','Nguyễn Văn F',1,'1999-01-01','Hà Nội','0123456789','CNTT');
INSERT INTO SINHVIEN VALUES('SV007','Nguyễn Văn G',1,'1999-01-01','Hà Nội','0123456789','CNTT');
INSERT INTO SINHVIEN VALUES('SV008','Nguyễn Văn H',1,'1999-01-01','Hà Nội','0123456789','CNTT');
INSERT INTO SINHVIEN VALUES('SV009','Nguyễn Văn I',1,'1999-01-01','Hà Nội','0123456789','CNTT');
INSERT INTO SINHVIEN VALUES('SV010','Nguyễn Văn K',1,'1999-01-01','Hà Nội','0123456789','CNTT');

INSERT INTO MONHOC VALUES('MH001','Toán',3);
INSERT INTO MONHOC VALUES('MH002','Lý',3);
INSERT INTO MONHOC VALUES('MH003','Hóa',3);
INSERT INTO MONHOC VALUES('MH004','Sinh',3);
INSERT INTO MONHOC VALUES('MH005','Văn',3);
INSERT INTO MONHOC VALUES('MH006','Anh',3);
INSERT INTO MONHOC VALUES('MH007','Sử',3);
INSERT INTO MONHOC VALUES('MH008','Địa',3);
INSERT INTO MONHOC VALUES('MH009','GDCD',3);
INSERT INTO MONHOC VALUES('MH010','Công nghệ',3);

INSERT INTO KETQUA VALUES('SV001','MH001',10);
INSERT INTO KETQUA VALUES('SV001','MH002',10);
INSERT INTO KETQUA VALUES('SV001','MH003',10);
INSERT INTO KETQUA VALUES('SV001','MH004',10);
INSERT INTO KETQUA VALUES('SV001','MH005',10);
INSERT INTO KETQUA VALUES('SV001','MH006',10);
INSERT INTO KETQUA VALUES('SV001','MH007',10);
INSERT INTO KETQUA VALUES('SV001','MH008',10);
INSERT INTO KETQUA VALUES('SV001','MH009',10);
INSERT INTO KETQUA VALUES('SV001','MH010',10);

INSERT INTO KETQUA VALUES('SV002','MH001',9);
INSERT INTO KETQUA VALUES('SV002','MH002',9);
INSERT INTO KETQUA VALUES('SV002','MH003',9);
INSERT INTO KETQUA VALUES('SV002','MH004',9);
INSERT INTO KETQUA VALUES('SV002','MH005',9);
INSERT INTO KETQUA VALUES('SV002','MH006',9);
INSERT INTO KETQUA VALUES('SV002','MH007',9);
INSERT INTO KETQUA VALUES('SV002','MH008',9);
INSERT INTO KETQUA VALUES('SV002','MH009',9);
INSERT INTO KETQUA VALUES('SV002','MH010',9);

INSERT INTO KETQUA VALUES('SV003','MH001',8);
INSERT INTO KETQUA VALUES('SV003','MH002',8);
INSERT INTO KETQUA VALUES('SV003','MH003',8);
INSERT INTO KETQUA VALUES('SV003','MH004',8);
INSERT INTO KETQUA VALUES('SV003','MH005',8);
INSERT INTO KETQUA VALUES('SV003','MH006',8);
INSERT INTO KETQUA VALUES('SV003','MH007',8);
INSERT INTO KETQUA VALUES('SV003','MH008',8);
INSERT INTO KETQUA VALUES('SV003','MH009',8);
INSERT INTO KETQUA VALUES('SV003','MH010',8);

INSERT INTO KETQUA VALUES('SV004','MH001',7);
INSERT INTO KETQUA VALUES('SV004','MH002',7);
INSERT INTO KETQUA VALUES('SV004','MH003',7);
INSERT INTO KETQUA VALUES('SV004','MH004',7);
INSERT INTO KETQUA VALUES('SV004','MH005',7);
INSERT INTO KETQUA VALUES('SV004','MH006',7);
INSERT INTO KETQUA VALUES('SV004','MH007',7);

INSERT INTO KETQUA VALUES('SV005','MH001',6);
INSERT INTO KETQUA VALUES('SV005','MH002',6);
INSERT INTO KETQUA VALUES('SV005','MH003',6);
INSERT INTO KETQUA VALUES('SV005','MH004',6);
INSERT INTO KETQUA VALUES('SV005','MH005',6);


INSERT INTO KETQUA VALUES('SV006','MH001',5);
INSERT INTO KETQUA VALUES('SV006','MH002',5);
INSERT INTO KETQUA VALUES('SV006','MH003',5);
INSERT INTO KETQUA VALUES('SV006','MH004',5);
INSERT INTO KETQUA VALUES('SV006','MH005',5);

INSERT INTO KETQUA VALUES('SV007','MH001',4);
INSERT INTO KETQUA VALUES('SV007','MH002',4);
INSERT INTO KETQUA VALUES('SV007','MH003',4);
INSERT INTO KETQUA VALUES('SV007','MH004',4);
INSERT INTO KETQUA VALUES('SV007','MH005',4);

INSERT INTO KETQUA VALUES('SV008','MH001',3);
INSERT INTO KETQUA VALUES('SV008','MH002',3);
INSERT INTO KETQUA VALUES('SV008','MH003',3);
INSERT INTO KETQUA VALUES('SV008','MH004',3);
INSERT INTO KETQUA VALUES('SV008','MH005',3);

INSERT INTO KETQUA VALUES('SV009','MH001',2);
INSERT INTO KETQUA VALUES('SV009','MH002',2);
INSERT INTO KETQUA VALUES('SV009','MH003',2);
INSERT INTO KETQUA VALUES('SV009','MH004',2);
INSERT INTO KETQUA VALUES('SV009','MH005',2);

INSERT INTO KETQUA VALUES('SV010','MH001',1);
INSERT INTO KETQUA VALUES('SV010','MH002',1);
INSERT INTO KETQUA VALUES('SV010','MH003',1);




